pointModel__indoorLevel,pointModel__lat,pointModel__long,beaconDataList__name,beaconDataList__uuid,beaconDataList__macAddress,beaconDataList__major,beaconDataList__minor,beaconDataList__distance,beaconDataList__proximity,beaconDataList__rssi,beaconDataList__txPower,beaconDataList__scanTime
0,36.89834535,30.64736529,Aruba,4152554e-f99b-4a3b-86d0-947070693a78,B0:91:22:4B:1A:6A,0,0,1.04,Near,-65,-60,3/11/2022 11:35
,,,null,a849c1ed-ad3c-4e8f-a571-089dae67cccc,A0:E6:F8:2C:1C:D6,1000,1149,1.16,Near,-59,-60,3/11/2022 11:35
,,,null,edae28d6-489b-446c-af10-6663fb553136,A0:E6:F8:40:3B:86,1000,1027,1.66,Near,-62,-60,3/11/2022 11:35
,,,Aruba,4152554e-f99b-4a3b-86d0-947070693a78,B0:91:22:4B:1A:6A,0,0,1.04,Near,-65,-60,3/11/2022 11:35
,,,null,a849c1ed-ad3c-4e8f-a571-089dae67cccc,A0:E6:F8:3F:D9:29,1000,1143,1.17,Near,-68,-60,3/11/2022 11:35
,,,null,a849c1ed-ad3c-4e8f-a571-089dae67cccc,A0:E6:F8:3F:D8:68,1000,1168,1.15,Near,-64,-60,3/11/2022 11:35
,,,Aruba,4152554e-f99b-4a3b-86d0-947070693a78,B0:91:22:4B:1A:6A,0,0,1.06,Near,-77,-60,3/11/2022 11:35
,,,null,383e5cf9-6c79-4e7b-902d-f6a8743d178f,A0:E6:F8:40:28:E8,1000,1056,1.1,Near,-59,-60,3/11/2022 11:35
,,,null,a849c1ed-ad3c-4e8f-a571-089dae67cccc,A0:E6:F8:2C:1C:D6,1000,1149,1.09,Near,-61,-60,3/11/2022 11:35
,,,null,edae28d6-489b-446c-af10-6663fb553136,A0:E6:F8:40:3B:86,1000,1027,1.68,Near,-74,-60,3/11/2022 11:35
,,,Aruba,4152554e-f99b-4a3b-86d0-947070693a78,B0:91:22:4B:1A:6A,0,0,1.06,Near,-77,-60,3/11/2022 11:35
,,,null,a849c1ed-ad3c-4e8f-a571-089dae67cccc,A0:E6:F8:3F:D9:29,1000,1143,1.12,Near,-62,-60,3/11/2022 11:35
,,,null,a849c1ed-ad3c-4e8f-a571-089dae67cccc,A0:E6:F8:3F:D8:68,1000,1168,1.21,Near,-70,-60,3/11/2022 11:35
,,,Aruba,4152554e-f99b-4a3b-86d0-947070693a78,B0:91:22:4B:1A:6A,0,0,1.07,Near,-72,-60,3/11/2022 11:35
,,,null,383e5cf9-6c79-4e7b-902d-f6a8743d178f,A0:E6:F8:40:28:E8,1000,1056,1.1,Near,-70,-60,3/11/2022 11:35
,,,null,a849c1ed-ad3c-4e8f-a571-089dae67cccc,A0:E6:F8:2C:1C:D6,1000,1149,1.06,Near,-60,-60,3/11/2022 11:35
,,,null,edae28d6-489b-446c-af10-6663fb553136,A0:E6:F8:40:3B:86,1000,1027,1.63,Near,-62,-60,3/11/2022 11:35
,,,Aruba,4152554e-f99b-4a3b-86d0-947070693a78,B0:91:22:4B:1A:6A,0,0,1.07,Near,-72,-60,3/11/2022 11:35
,,,null,a849c1ed-ad3c-4e8f-a571-089dae67cccc,A0:E6:F8:3F:D9:29,1000,1143,1.18,Near,-76,-60,3/11/2022 11:35
,,,null,a849c1ed-ad3c-4e8f-a571-089dae67cccc,A0:E6:F8:3F:D8:68,1000,1168,1.22,Near,-61,-60,3/11/2022 11:35
,,,Aruba,4152554e-f99b-4a3b-86d0-947070693a78,B0:91:22:4B:1A:6A,0,0,1.07,Near,-70,-60,3/11/2022 11:36
,,,null,383e5cf9-6c79-4e7b-902d-f6a8743d178f,A0:E6:F8:40:28:E8,1000,1056,1.14,Near,-71,-60,3/11/2022 11:36
,,,null,a849c1ed-ad3c-4e8f-a571-089dae67cccc,A0:E6:F8:2C:1C:D6,1000,1149,1.02,Near,-59,-60,3/11/2022 11:36
,,,null,edae28d6-489b-446c-af10-6663fb553136,A0:E6:F8:40:3B:86,1000,1027,1.63,Near,-75,-60,3/11/2022 11:36
,,,Aruba,4152554e-f99b-4a3b-86d0-947070693a78,B0:91:22:4B:1A:6A,0,0,1.07,Near,-70,-60,3/11/2022 11:36
,,,null,a849c1ed-ad3c-4e8f-a571-089dae67cccc,A0:E6:F8:3F:D9:29,1000,1143,1.18,Near,-65,-60,3/11/2022 11:36
,,,null,a849c1ed-ad3c-4e8f-a571-089dae67cccc,A0:E6:F8:3F:D8:68,1000,1168,1.25,Near,-68,-60,3/11/2022 11:36
,,,Aruba,4152554e-f99b-4a3b-86d0-947070693a78,B0:91:22:4B:1A:6A,0,0,1.09,Near,-57,-60,3/11/2022 11:36
,,,null,383e5cf9-6c79-4e7b-902d-f6a8743d178f,A0:E6:F8:40:28:E8,1000,1056,1.15,Near,-68,-60,3/11/2022 11:36
,,,null,a849c1ed-ad3c-4e8f-a571-089dae67cccc,A0:E6:F8:2C:1C:D6,1000,1149,0.98,Near,-56,-60,3/11/2022 11:36
,,,null,edae28d6-489b-446c-af10-6663fb553136,A0:E6:F8:40:3B:86,1000,1027,1.62,Near,-65,-60,3/11/2022 11:36
,,,Aruba,4152554e-f99b-4a3b-86d0-947070693a78,B0:91:22:4B:1A:6A,0,0,1.09,Near,-57,-60,3/11/2022 11:36
,,,null,a849c1ed-ad3c-4e8f-a571-089dae67cccc,A0:E6:F8:3F:D9:29,1000,1143,1.19,Near,-65,-60,3/11/2022 11:36
,,,null,a849c1ed-ad3c-4e8f-a571-089dae67cccc,A0:E6:F8:3F:D8:68,1000,1168,1.26,Near,-71,-60,3/11/2022 11:36
,,,Aruba,4152554e-f99b-4a3b-86d0-947070693a78,B0:91:22:4B:1A:6A,0,0,1.11,Near,-71,-60,3/11/2022 11:36
,,,null,383e5cf9-6c79-4e7b-902d-f6a8743d178f,A0:E6:F8:40:28:E8,1000,1056,1.15,Near,-64,-60,3/11/2022 11:36
,,,null,a849c1ed-ad3c-4e8f-a571-089dae67cccc,A0:E6:F8:2C:1C:D6,1000,1149,0.96,Near,-57,-60,3/11/2022 11:36
,,,null,edae28d6-489b-446c-af10-6663fb553136,A0:E6:F8:40:3B:86,1000,1027,1.63,Near,-65,-60,3/11/2022 11:36
,,,Aruba,4152554e-f99b-4a3b-86d0-947070693a78,B0:91:22:4B:1A:6A,0,0,1.11,Near,-71,-60,3/11/2022 11:36
,,,null,a849c1ed-ad3c-4e8f-a571-089dae67cccc,A0:E6:F8:3F:D9:29,1000,1143,1.18,Near,-62,-60,3/11/2022 11:36
,,,null,a849c1ed-ad3c-4e8f-a571-089dae67cccc,A0:E6:F8:3F:D8:68,1000,1168,1.26,Near,-64,-60,3/11/2022 11:36
,,,Aruba,4152554e-f99b-4a3b-86d0-947070693a78,B0:91:22:4B:1A:6A,0,0,1.14,Near,-68,-60,3/11/2022 11:36
,,,null,383e5cf9-6c79-4e7b-902d-f6a8743d178f,A0:E6:F8:40:28:E8,1000,1056,1.18,Near,-63,-60,3/11/2022 11:36
,,,null,a849c1ed-ad3c-4e8f-a571-089dae67cccc,A0:E6:F8:2C:1C:D6,1000,1149,0.87,Near,-56,-60,3/11/2022 11:36
,,,null,edae28d6-489b-446c-af10-6663fb553136,A0:E6:F8:40:3B:86,1000,1027,1.79,Near,-82,-60,3/11/2022 11:36
,,,Aruba,4152554e-f99b-4a3b-86d0-947070693a78,B0:91:22:4B:1A:6A,0,0,1.14,Near,-68,-60,3/11/2022 11:36
,,,null,a849c1ed-ad3c-4e8f-a571-089dae67cccc,A0:E6:F8:3F:D9:29,1000,1143,1.19,Near,-62,-60,3/11/2022 11:36
,,,null,a849c1ed-ad3c-4e8f-a571-089dae67cccc,A0:E6:F8:3F:D8:68,1000,1168,1.27,Near,-62,-60,3/11/2022 11:36
,,,Aruba,4152554e-f99b-4a3b-86d0-947070693a78,B0:91:22:4B:1A:6A,0,0,1.13,Near,-62,-60,3/11/2022 11:36
,,,null,383e5cf9-6c79-4e7b-902d-f6a8743d178f,A0:E6:F8:40:28:E8,1000,1056,1.16,Near,-62,-60,3/11/2022 11:36
,,,null,a849c1ed-ad3c-4e8f-a571-089dae67cccc,A0:E6:F8:2C:1C:D6,1000,1149,0.81,Near,-57,-60,3/11/2022 11:36
,,,null,edae28d6-489b-446c-af10-6663fb553136,A0:E6:F8:40:3B:86,1000,1027,1.77,Near,-62,-60,3/11/2022 11:36
,,,Aruba,4152554e-f99b-4a3b-86d0-947070693a78,B0:91:22:4B:1A:6A,0,0,1.13,Near,-62,-60,3/11/2022 11:36
,,,null,a849c1ed-ad3c-4e8f-a571-089dae67cccc,A0:E6:F8:3F:D9:29,1000,1143,1.17,Near,-62,-60,3/11/2022 11:36
,,,null,a849c1ed-ad3c-4e8f-a571-089dae67cccc,A0:E6:F8:3F:D8:68,1000,1168,1.27,Near,-66,-60,3/11/2022 11:36
,,,Aruba,4152554e-f99b-4a3b-86d0-947070693a78,B0:91:22:4B:1A:6A,0,0,1.13,Near,-60,-60,3/11/2022 11:36
,,,null,383e5cf9-6c79-4e7b-902d-f6a8743d178f,A0:E6:F8:40:28:E8,1000,1056,1.2,Near,-65,-60,3/11/2022 11:36
,,,null,a849c1ed-ad3c-4e8f-a571-089dae67cccc,A0:E6:F8:2C:1C:D6,1000,1149,0.82,Near,-62,-60,3/11/2022 11:36
,,,null,edae28d6-489b-446c-af10-6663fb553136,A0:E6:F8:40:3B:86,1000,1027,1.76,Near,-69,-60,3/11/2022 11:36
,,,Aruba,4152554e-f99b-4a3b-86d0-947070693a78,B0:91:22:4B:1A:6A,0,0,1.13,Near,-60,-60,3/11/2022 11:36
,,,null,a849c1ed-ad3c-4e8f-a571-089dae67cccc,A0:E6:F8:3F:D9:29,1000,1143,1.23,Near,-69,-60,3/11/2022 11:36
,,,null,a849c1ed-ad3c-4e8f-a571-089dae67cccc,A0:E6:F8:3F:D8:68,1000,1168,1.22,Near,-61,-60,3/11/2022 11:36
,,,Aruba,4152554e-f99b-4a3b-86d0-947070693a78,B0:91:22:4B:1A:6A,0,0,1.14,Near,-61,-60,3/11/2022 11:36
,,,null,383e5cf9-6c79-4e7b-902d-f6a8743d178f,A0:E6:F8:40:28:E8,1000,1056,1.24,Near,-63,-60,3/11/2022 11:36
,,,null,a849c1ed-ad3c-4e8f-a571-089dae67cccc,A0:E6:F8:2C:1C:D6,1000,1149,0.8,Near,-56,-60,3/11/2022 11:36
,,,null,edae28d6-489b-446c-af10-6663fb553136,A0:E6:F8:40:3B:86,1000,1027,1.73,Near,-64,-60,3/11/2022 11:36
,,,Aruba,4152554e-f99b-4a3b-86d0-947070693a78,B0:91:22:4B:1A:6A,0,0,1.14,Near,-61,-60,3/11/2022 11:36
,,,null,a849c1ed-ad3c-4e8f-a571-089dae67cccc,A0:E6:F8:3F:D9:29,1000,1143,1.26,Near,-59,-60,3/11/2022 11:36
,,,null,a849c1ed-ad3c-4e8f-a571-089dae67cccc,A0:E6:F8:3F:D8:68,1000,1168,1.23,Near,-64,-60,3/11/2022 11:36
,,,Aruba,4152554e-f99b-4a3b-86d0-947070693a78,B0:91:22:4B:1A:6A,0,0,1.12,Near,-58,-60,3/11/2022 11:36
,,,null,383e5cf9-6c79-4e7b-902d-f6a8743d178f,A0:E6:F8:40:28:E8,1000,1056,1.24,Near,-66,-60,3/11/2022 11:36
,,,null,a849c1ed-ad3c-4e8f-a571-089dae67cccc,A0:E6:F8:2C:1C:D6,1000,1149,0.82,Near,-62,-60,3/11/2022 11:36
,,,null,edae28d6-489b-446c-af10-6663fb553136,A0:E6:F8:40:3B:86,1000,1027,1.74,Near,-72,-60,3/11/2022 11:36
,,,Aruba,4152554e-f99b-4a3b-86d0-947070693a78,B0:91:22:4B:1A:6A,0,0,1.12,Near,-58,-60,3/11/2022 11:36
,,,null,a849c1ed-ad3c-4e8f-a571-089dae67cccc,A0:E6:F8:3F:D9:29,1000,1143,1.28,Near,-74,-60,3/11/2022 11:36
,,,null,a849c1ed-ad3c-4e8f-a571-089dae67cccc,A0:E6:F8:3F:D8:68,1000,1168,1.2,Near,-61,-60,3/11/2022 11:36
,,,Aruba,4152554e-f99b-4a3b-86d0-947070693a78,B0:91:22:4B:1A:6A,0,0,1.13,Near,-63,-60,3/11/2022 11:36
,,,null,383e5cf9-6c79-4e7b-902d-f6a8743d178f,A0:E6:F8:40:28:E8,1000,1056,1.29,Near,-77,-60,3/11/2022 11:36
,,,null,a849c1ed-ad3c-4e8f-a571-089dae67cccc,A0:E6:F8:2C:1C:D6,1000,1149,0.79,Near,-55,-60,3/11/2022 11:36
,,,null,edae28d6-489b-446c-af10-6663fb553136,A0:E6:F8:40:3B:86,1000,1027,1.71,Near,-72,-60,3/11/2022 11:36
,,,Aruba,4152554e-f99b-4a3b-86d0-947070693a78,B0:91:22:4B:1A:6A,0,0,1.13,Near,-63,-60,3/11/2022 11:36
,,,null,a849c1ed-ad3c-4e8f-a571-089dae67cccc,A0:E6:F8:3F:D9:29,1000,1143,1.3,Near,-66,-60,3/11/2022 11:36
,,,null,a849c1ed-ad3c-4e8f-a571-089dae67cccc,A0:E6:F8:3F:D8:68,1000,1168,1.18,Near,-64,-60,3/11/2022 11:36
,,,Aruba,4152554e-f99b-4a3b-86d0-947070693a78,B0:91:22:4B:1A:6A,0,0,1.14,Near,-62,-60,3/11/2022 11:36
,,,null,383e5cf9-6c79-4e7b-902d-f6a8743d178f,A0:E6:F8:40:28:E8,1000,1056,1.35,Near,-65,-60,3/11/2022 11:36
,,,null,a849c1ed-ad3c-4e8f-a571-089dae67cccc,A0:E6:F8:2C:1C:D6,1000,1149,0.75,Near,-55,-60,3/11/2022 11:36
,,,null,edae28d6-489b-446c-af10-6663fb553136,A0:E6:F8:40:3B:86,1000,1027,1.7,Near,-64,-60,3/11/2022 11:36
,,,Aruba,4152554e-f99b-4a3b-86d0-947070693a78,B0:91:22:4B:1A:6A,0,0,1.14,Near,-62,-60,3/11/2022 11:36
,,,null,a849c1ed-ad3c-4e8f-a571-089dae67cccc,A0:E6:F8:3F:D9:29,1000,1143,1.27,Near,-58,-60,3/11/2022 11:36
,,,null,a849c1ed-ad3c-4e8f-a571-089dae67cccc,A0:E6:F8:3F:D8:68,1000,1168,1.18,Near,-62,-60,3/11/2022 11:36
,,,Aruba,4152554e-f99b-4a3b-86d0-947070693a78,B0:91:22:4B:1A:6A,0,0,1.13,Near,-66,-60,3/11/2022 11:36
,,,null,a849c1ed-ad3c-4e8f-a571-089dae67cccc,A0:E6:F8:2C:1C:D6,1000,1149,0.73,Near,-55,-60,3/11/2022 11:36
,,,null,edae28d6-489b-446c-af10-6663fb553136,A0:E6:F8:40:3B:86,1000,1027,1.65,Near,-72,-60,3/11/2022 11:36
,,,Aruba,4152554e-f99b-4a3b-86d0-947070693a78,B0:91:22:4B:1A:6A,0,0,1.13,Near,-66,-60,3/11/2022 11:36
,,,null,a849c1ed-ad3c-4e8f-a571-089dae67cccc,A0:E6:F8:3F:D9:29,1000,1143,1.29,Near,-71,-60,3/11/2022 11:36
,,,null,a849c1ed-ad3c-4e8f-a571-089dae67cccc,A0:E6:F8:3F:D8:68,1000,1168,1.18,Near,-69,-60,3/11/2022 11:36
,,,Aruba,4152554e-f99b-4a3b-86d0-947070693a78,B0:91:22:4B:1A:6A,0,0,1.16,Near,-64,-60,3/11/2022 11:36
,,,null,383e5cf9-6c79-4e7b-902d-f6a8743d178f,A0:E6:F8:40:28:E8,1000,1056,1.45,Near,-85,-60,3/11/2022 11:36
,,,null,a849c1ed-ad3c-4e8f-a571-089dae67cccc,A0:E6:F8:2C:1C:D6,1000,1149,0.73,Near,-55,-60,3/11/2022 11:36
,,,null,edae28d6-489b-446c-af10-6663fb553136,A0:E6:F8:40:3B:86,1000,1027,1.64,Near,-67,-60,3/11/2022 11:36
,,,Aruba,4152554e-f99b-4a3b-86d0-947070693a78,B0:91:22:4B:1A:6A,0,0,1.16,Near,-64,-60,3/11/2022 11:36
,,,null,a849c1ed-ad3c-4e8f-a571-089dae67cccc,A0:E6:F8:3F:D9:29,1000,1143,1.36,Near,-76,-60,3/11/2022 11:36
,,,null,a849c1ed-ad3c-4e8f-a571-089dae67cccc,A0:E6:F8:3F:D8:68,1000,1168,1.2,Near,-60,-60,3/11/2022 11:36
,,,Aruba,4152554e-f99b-4a3b-86d0-947070693a78,B0:91:22:4B:1A:6A,0,0,1.18,Near,-64,-60,3/11/2022 11:36
,,,null,383e5cf9-6c79-4e7b-902d-f6a8743d178f,A0:E6:F8:40:28:E8,1000,1056,1.44,Near,-64,-60,3/11/2022 11:36
,,,null,a849c1ed-ad3c-4e8f-a571-089dae67cccc,A0:E6:F8:2C:1C:D6,1000,1149,0.69,Near,-55,-60,3/11/2022 11:36
,,,null,edae28d6-489b-446c-af10-6663fb553136,A0:E6:F8:40:3B:86,1000,1027,1.66,Near,-67,-60,3/11/2022 11:36
,,,Aruba,4152554e-f99b-4a3b-86d0-947070693a78,B0:91:22:4B:1A:6A,0,0,1.18,Near,-64,-60,3/11/2022 11:36
,,,null,a849c1ed-ad3c-4e8f-a571-089dae67cccc,A0:E6:F8:3F:D9:29,1000,1143,1.33,Near,-59,-60,3/11/2022 11:36
,,,null,a849c1ed-ad3c-4e8f-a571-089dae67cccc,A0:E6:F8:3F:D8:68,1000,1168,1.19,Near,-59,-60,3/11/2022 11:36
,,,Aruba,4152554e-f99b-4a3b-86d0-947070693a78,B0:91:22:4B:1A:6A,0,0,1.15,Near,-56,-60,3/11/2022 11:36
,,,null,383e5cf9-6c79-4e7b-902d-f6a8743d178f,A0:E6:F8:40:28:E8,1000,1056,1.48,Near,-70,-60,3/11/2022 11:36
,,,null,a849c1ed-ad3c-4e8f-a571-089dae67cccc,A0:E6:F8:2C:1C:D6,1000,1149,0.68,Near,-62,-60,3/11/2022 11:36
,,,Aruba,4152554e-f99b-4a3b-86d0-947070693a78,B0:91:22:4B:1A:6A,0,0,1.15,Near,-56,-60,3/11/2022 11:36
,,,null,a849c1ed-ad3c-4e8f-a571-089dae67cccc,A0:E6:F8:3F:D9:29,1000,1143,1.37,Near,-68,-60,3/11/2022 11:36
,,,null,a849c1ed-ad3c-4e8f-a571-089dae67cccc,A0:E6:F8:3F:D8:68,1000,1168,1.18,Near,-62,-60,3/11/2022 11:36
,,,Aruba,4152554e-f99b-4a3b-86d0-947070693a78,B0:91:22:4B:1A:6A,0,0,1.17,Near,-69,-60,3/11/2022 11:36
,,,null,383e5cf9-6c79-4e7b-902d-f6a8743d178f,A0:E6:F8:40:28:E8,1000,1056,1.43,Near,-65,-60,3/11/2022 11:36
,,,null,edae28d6-489b-446c-af10-6663fb553136,A0:E6:F8:40:3B:86,1000,1027,1.6,Near,-69,-60,3/11/2022 11:36
,,,Aruba,4152554e-f99b-4a3b-86d0-947070693a78,B0:91:22:4B:1A:6A,0,0,1.17,Near,-69,-60,3/11/2022 11:36
,,,null,a849c1ed-ad3c-4e8f-a571-089dae67cccc,A0:E6:F8:3F:D9:29,1000,1143,1.37,Near,-61,-60,3/11/2022 11:36
,,,null,a849c1ed-ad3c-4e8f-a571-089dae67cccc,A0:E6:F8:3F:D8:68,1000,1168,1.2,Near,-72,-60,3/11/2022 11:36
,,,Aruba,4152554e-f99b-4a3b-86d0-947070693a78,B0:91:22:4B:1A:6A,0,0,1.13,Near,-56,-60,3/11/2022 11:36
,,,null,383e5cf9-6c79-4e7b-902d-f6a8743d178f,A0:E6:F8:40:28:E8,1000,1056,1.45,Near,-70,-60,3/11/2022 11:36
,,,null,edae28d6-489b-446c-af10-6663fb553136,A0:E6:F8:40:3B:86,1000,1027,1.7,Near,-78,-60,3/11/2022 11:36
,,,Aruba,4152554e-f99b-4a3b-86d0-947070693a78,B0:91:22:4B:1A:6A,0,0,1.13,Near,-56,-60,3/11/2022 11:36
,,,null,a849c1ed-ad3c-4e8f-a571-089dae67cccc,A0:E6:F8:3F:D9:29,1000,1143,1.36,Near,-69,-60,3/11/2022 11:36
,,,null,a849c1ed-ad3c-4e8f-a571-089dae67cccc,A0:E6:F8:3F:D8:68,1000,1168,1.2,Near,-62,-60,3/11/2022 11:36
,,,Aruba,4152554e-f99b-4a3b-86d0-947070693a78,B0:91:22:4B:1A:6A,0,0,1.09,Near,-56,-60,3/11/2022 11:36
,,,null,383e5cf9-6c79-4e7b-902d-f6a8743d178f,A0:E6:F8:40:28:E8,1000,1056,1.5,Near,-71,-60,3/11/2022 11:36
,,,null,a849c1ed-ad3c-4e8f-a571-089dae67cccc,A0:E6:F8:2C:1C:D6,1000,1149,0.61,Near,-54,-60,3/11/2022 11:36
,,,null,edae28d6-489b-446c-af10-6663fb553136,A0:E6:F8:40:3B:86,1000,1027,1.71,Near,-71,-60,3/11/2022 11:36
,,,Aruba,4152554e-f99b-4a3b-86d0-947070693a78,B0:91:22:4B:1A:6A,0,0,1.09,Near,-56,-60,3/11/2022 11:36
,,,null,a849c1ed-ad3c-4e8f-a571-089dae67cccc,A0:E6:F8:3F:D9:29,1000,1143,1.43,Near,-91,-60,3/11/2022 11:36
,,,null,a849c1ed-ad3c-4e8f-a571-089dae67cccc,A0:E6:F8:3F:D8:68,1000,1168,1.18,Near,-72,-60,3/11/2022 11:36
,,,Aruba,4152554e-f99b-4a3b-86d0-947070693a78,B0:91:22:4B:1A:6A,0,0,1.07,Near,-62,-60,3/11/2022 11:36
,,,null,383e5cf9-6c79-4e7b-902d-f6a8743d178f,A0:E6:F8:40:28:E8,1000,1056,1.55,Near,-76,-60,3/11/2022 11:36
,,,null,edae28d6-489b-446c-af10-6663fb553136,A0:E6:F8:40:3B:86,1000,1027,1.72,Near,-67,-60,3/11/2022 11:36
,,,Aruba,4152554e-f99b-4a3b-86d0-947070693a78,B0:91:22:4B:1A:6A,0,0,1.07,Near,-62,-60,3/11/2022 11:36
,,,null,a849c1ed-ad3c-4e8f-a571-089dae67cccc,A0:E6:F8:3F:D9:29,1000,1143,1.43,Near,-75,-60,3/11/2022 11:36
,,,null,a849c1ed-ad3c-4e8f-a571-089dae67cccc,A0:E6:F8:3F:D8:68,1000,1168,1.21,Near,-62,-60,3/11/2022 11:36
,,,Aruba,4152554e-f99b-4a3b-86d0-947070693a78,B0:91:22:4B:1A:6A,0,0,1.02,Near,-55,-60,3/11/2022 11:36
,,,null,383e5cf9-6c79-4e7b-902d-f6a8743d178f,A0:E6:F8:40:28:E8,1000,1056,1.56,Near,-72,-60,3/11/2022 11:36
,,,null,a849c1ed-ad3c-4e8f-a571-089dae67cccc,A0:E6:F8:2C:1C:D6,1000,1149,0.61,Near,-62,-60,3/11/2022 11:36
,,,null,edae28d6-489b-446c-af10-6663fb553136,A0:E6:F8:40:3B:86,1000,1027,1.72,Near,-74,-60,3/11/2022 11:36
,,,Aruba,4152554e-f99b-4a3b-86d0-947070693a78,B0:91:22:4B:1A:6A,0,0,1.02,Near,-55,-60,3/11/2022 11:36
,,,null,a849c1ed-ad3c-4e8f-a571-089dae67cccc,A0:E6:F8:3F:D9:29,1000,1143,1.4,Near,-67,-60,3/11/2022 11:36
,,,Aruba,4152554e-f99b-4a3b-86d0-947070693a78,B0:91:22:4B:1A:6A,0,0,1.02,Near,-63,-60,3/11/2022 11:36
,,,null,383e5cf9-6c79-4e7b-902d-f6a8743d178f,A0:E6:F8:40:28:E8,1000,1056,1.63,Near,-82,-60,3/11/2022 11:36
,,,null,a849c1ed-ad3c-4e8f-a571-089dae67cccc,A0:E6:F8:2C:1C:D6,1000,1149,0.61,Near,-54,-60,3/11/2022 11:36
,,,null,edae28d6-489b-446c-af10-6663fb553136,A0:E6:F8:40:3B:86,1000,1027,1.71,Near,-70,-60,3/11/2022 11:36
,,,Aruba,4152554e-f99b-4a3b-86d0-947070693a78,B0:91:22:4B:1A:6A,0,0,1.02,Near,-63,-60,3/11/2022 11:36
,,,null,a849c1ed-ad3c-4e8f-a571-089dae67cccc,A0:E6:F8:3F:D9:29,1000,1143,1.48,Near,-73,-60,3/11/2022 11:36
,,,null,a849c1ed-ad3c-4e8f-a571-089dae67cccc,A0:E6:F8:3F:D8:68,1000,1168,1.22,Near,-78,-60,3/11/2022 11:36
,,,Aruba,4152554e-f99b-4a3b-86d0-947070693a78,B0:91:22:4B:1A:6A,0,0,1.03,Near,-63,-60,3/11/2022 11:36
,,,null,383e5cf9-6c79-4e7b-902d-f6a8743d178f,A0:E6:F8:40:28:E8,1000,1056,1.61,Near,-62,-60,3/11/2022 11:36
,,,null,a849c1ed-ad3c-4e8f-a571-089dae67cccc,A0:E6:F8:2C:1C:D6,1000,1149,0.6,Near,-55,-60,3/11/2022 11:36
,,,null,edae28d6-489b-446c-af10-6663fb553136,A0:E6:F8:40:3B:86,1000,1027,1.74,Near,-71,-60,3/11/2022 11:36
,,,Aruba,4152554e-f99b-4a3b-86d0-947070693a78,B0:91:22:4B:1A:6A,0,0,1.03,Near,-63,-60,3/11/2022 11:36
,,,null,a849c1ed-ad3c-4e8f-a571-089dae67cccc,A0:E6:F8:3F:D9:29,1000,1143,1.46,Near,-61,-60,3/11/2022 11:36
,,,null,a849c1ed-ad3c-4e8f-a571-089dae67cccc,A0:E6:F8:3F:D8:68,1000,1168,1.22,Near,-62,-60,3/11/2022 11:36
,,,Aruba,4152554e-f99b-4a3b-86d0-947070693a78,B0:91:22:4B:1A:6A,0,0,1,Near,-56,-60,3/11/2022 11:36
,,,null,a849c1ed-ad3c-4e8f-a571-089dae67cccc,A0:E6:F8:2C:1C:D6,1000,1149,0.65,Near,-62,-60,3/11/2022 11:36
,,,null,edae28d6-489b-446c-af10-6663fb553136,A0:E6:F8:40:3B:86,1000,1027,1.69,Near,-71,-60,3/11/2022 11:36
,,,Aruba,4152554e-f99b-4a3b-86d0-947070693a78,B0:91:22:4B:1A:6A,0,0,1,Near,-56,-60,3/11/2022 11:36
,,,null,a849c1ed-ad3c-4e8f-a571-089dae67cccc,A0:E6:F8:3F:D9:29,1000,1143,1.46,Near,-62,-60,3/11/2022 11:36
,,,null,a849c1ed-ad3c-4e8f-a571-089dae67cccc,A0:E6:F8:3F:D8:68,1000,1168,1.25,Near,-73,-60,3/11/2022 11:36
,,,Aruba,4152554e-f99b-4a3b-86d0-947070693a78,B0:91:22:4B:1A:6A,0,0,1.02,Near,-63,-60,3/11/2022 11:36
,,,null,a849c1ed-ad3c-4e8f-a571-089dae67cccc,A0:E6:F8:2C:1C:D6,1000,1149,0.64,Near,-55,-60,3/11/2022 11:36
,,,null,edae28d6-489b-446c-af10-6663fb553136,A0:E6:F8:40:3B:86,1000,1027,1.76,Near,-75,-60,3/11/2022 11:36
,,,Aruba,4152554e-f99b-4a3b-86d0-947070693a78,B0:91:22:4B:1A:6A,0,0,1.02,Near,-63,-60,3/11/2022 11:36
,,,null,a849c1ed-ad3c-4e8f-a571-089dae67cccc,A0:E6:F8:3F:D9:29,1000,1143,1.48,Near,-63,-60,3/11/2022 11:36
,,,null,a849c1ed-ad3c-4e8f-a571-089dae67cccc,A0:E6:F8:3F:D8:68,1000,1168,1.24,Near,-65,-60,3/11/2022 11:36
,,,Aruba,4152554e-f99b-4a3b-86d0-947070693a78,B0:91:22:4B:1A:6A,0,0,1.02,Near,-56,-60,3/11/2022 11:36
,,,null,a849c1ed-ad3c-4e8f-a571-089dae67cccc,A0:E6:F8:2C:1C:D6,1000,1149,0.6,Near,-62,-60,3/11/2022 11:36
,,,null,edae28d6-489b-446c-af10-6663fb553136,A0:E6:F8:40:3B:86,1000,1027,1.81,Near,-79,-60,3/11/2022 11:36
,,,Aruba,4152554e-f99b-4a3b-86d0-947070693a78,B0:91:22:4B:1A:6A,0,0,1.02,Near,-56,-60,3/11/2022 11:36
,,,null,a849c1ed-ad3c-4e8f-a571-089dae67cccc,A0:E6:F8:3F:D9:29,1000,1143,1.44,Near,-61,-60,3/11/2022 11:36
,,,null,a849c1ed-ad3c-4e8f-a571-089dae67cccc,A0:E6:F8:3F:D8:68,1000,1168,1.26,Near,-64,-60,3/11/2022 11:36
,,,Aruba,4152554e-f99b-4a3b-86d0-947070693a78,B0:91:22:4B:1A:6A,0,0,1,Near,-56,-60,3/11/2022 11:36
,,,null,a849c1ed-ad3c-4e8f-a571-089dae67cccc,A0:E6:F8:2C:1C:D6,1000,1149,0.63,Near,-63,-60,3/11/2022 11:36
,,,null,edae28d6-489b-446c-af10-6663fb553136,A0:E6:F8:40:3B:86,1000,1027,1.82,Near,-69,-60,3/11/2022 11:36
,,,Aruba,4152554e-f99b-4a3b-86d0-947070693a78,B0:91:22:4B:1A:6A,0,0,1,Near,-56,-60,3/11/2022 11:36
,,,null,a849c1ed-ad3c-4e8f-a571-089dae67cccc,A0:E6:F8:3F:D9:29,1000,1143,1.42,Near,-66,-60,3/11/2022 11:36
,,,null,a849c1ed-ad3c-4e8f-a571-089dae67cccc,A0:E6:F8:3F:D8:68,1000,1168,1.33,Near,-65,-60,3/11/2022 11:36
,,,Aruba,4152554e-f99b-4a3b-86d0-947070693a78,B0:91:22:4B:1A:6A,0,0,1.02,Near,-64,-60,3/11/2022 11:36
,,,null,383e5cf9-6c79-4e7b-902d-f6a8743d178f,A0:E6:F8:40:28:E8,1000,1056,2.04,Near,-80,-60,3/11/2022 11:36
,,,Aruba,4152554e-f99b-4a3b-86d0-947070693a78,B0:91:22:4B:1A:6A,0,0,1.02,Near,-64,-60,3/11/2022 11:36
,,,null,a849c1ed-ad3c-4e8f-a571-089dae67cccc,A0:E6:F8:3F:D9:29,1000,1143,1.4,Near,-61,-60,3/11/2022 11:36
,,,null,a849c1ed-ad3c-4e8f-a571-089dae67cccc,A0:E6:F8:3F:D8:68,1000,1168,1.4,Near,-72,-60,3/11/2022 11:36
,,,Aruba,4152554e-f99b-4a3b-86d0-947070693a78,B0:91:22:4B:1A:6A,0,0,1,Near,-56,-60,3/11/2022 11:36
,,,null,383e5cf9-6c79-4e7b-902d-f6a8743d178f,A0:E6:F8:40:28:E8,1000,1056,2.01,Near,-66,-60,3/11/2022 11:36
,,,null,a849c1ed-ad3c-4e8f-a571-089dae67cccc,A0:E6:F8:2C:1C:D6,1000,1149,0.66,Near,-62,-60,3/11/2022 11:36
,,,null,edae28d6-489b-446c-af10-6663fb553136,A0:E6:F8:40:3B:86,1000,1027,1.82,Near,-72,-60,3/11/2022 11:36
,,,Aruba,4152554e-f99b-4a3b-86d0-947070693a78,B0:91:22:4B:1A:6A,0,0,1,Near,-56,-60,3/11/2022 11:36
,,,null,a849c1ed-ad3c-4e8f-a571-089dae67cccc,A0:E6:F8:3F:D9:29,1000,1143,1.38,Near,-63,-60,3/11/2022 11:36
,,,null,a849c1ed-ad3c-4e8f-a571-089dae67cccc,A0:E6:F8:3F:D8:68,1000,1168,1.4,Near,-66,-60,3/11/2022 11:36
,,,Aruba,4152554e-f99b-4a3b-86d0-947070693a78,B0:91:22:4B:1A:6A,0,0,1.01,Near,-66,-60,3/11/2022 11:36
,,,null,383e5cf9-6c79-4e7b-902d-f6a8743d178f,A0:E6:F8:40:28:E8,1000,1056,1.92,Near,-67,-60,3/11/2022 11:36
,,,null,a849c1ed-ad3c-4e8f-a571-089dae67cccc,A0:E6:F8:2C:1C:D6,1000,1149,0.69,Near,-54,-60,3/11/2022 11:36
,,,null,edae28d6-489b-446c-af10-6663fb553136,A0:E6:F8:40:3B:86,1000,1027,1.81,Near,-70,-60,3/11/2022 11:36
,,,Aruba,4152554e-f99b-4a3b-86d0-947070693a78,B0:91:22:4B:1A:6A,0,0,1.01,Near,-66,-60,3/11/2022 11:36
,,,null,a849c1ed-ad3c-4e8f-a571-089dae67cccc,A0:E6:F8:3F:D9:29,1000,1143,1.4,Near,-67,-60,3/11/2022 11:36
,,,null,a849c1ed-ad3c-4e8f-a571-089dae67cccc,A0:E6:F8:3F:D8:68,1000,1168,1.47,Near,-72,-60,3/11/2022 11:36
,,,Aruba,4152554e-f99b-4a3b-86d0-947070693a78,B0:91:22:4B:1A:6A,0,0,1.01,Near,-66,-60,3/11/2022 11:36
,,,null,383e5cf9-6c79-4e7b-902d-f6a8743d178f,A0:E6:F8:40:28:E8,1000,1056,1.84,Near,-66,-60,3/11/2022 11:36
,,,null,a849c1ed-ad3c-4e8f-a571-089dae67cccc,A0:E6:F8:2C:1C:D6,1000,1149,0.67,Near,-55,-60,3/11/2022 11:36
,,,null,edae28d6-489b-446c-af10-6663fb553136,A0:E6:F8:40:3B:86,1000,1027,1.85,Near,-74,-60,3/11/2022 11:36
,,,Aruba,4152554e-f99b-4a3b-86d0-947070693a78,B0:91:22:4B:1A:6A,0,0,1.01,Near,-66,-60,3/11/2022 11:36
,,,null,a849c1ed-ad3c-4e8f-a571-089dae67cccc,A0:E6:F8:3F:D9:29,1000,1143,1.38,Near,-62,-60,3/11/2022 11:36
,,,null,a849c1ed-ad3c-4e8f-a571-089dae67cccc,A0:E6:F8:3F:D8:68,1000,1168,1.5,Near,-64,-60,3/11/2022 11:36
,,,null,383e5cf9-6c79-4e7b-902d-f6a8743d178f,A0:E6:F8:40:28:E8,1000,1056,1.72,Near,-81,-60,3/11/2022 11:36
,,,null,a849c1ed-ad3c-4e8f-a571-089dae67cccc,A0:E6:F8:2C:1C:D6,1000,1149,0.65,Near,-54,-60,3/11/2022 11:36
,,,null,edae28d6-489b-446c-af10-6663fb553136,A0:E6:F8:40:3B:86,1000,1027,1.83,Near,-68,-60,3/11/2022 11:36
,,,null,a849c1ed-ad3c-4e8f-a571-089dae67cccc,A0:E6:F8:3F:D9:29,1000,1143,1.34,Near,-67,-60,3/11/2022 11:36
,,,null,a849c1ed-ad3c-4e8f-a571-089dae67cccc,A0:E6:F8:3F:D8:68,1000,1168,1.52,Near,-74,-60,3/11/2022 11:36
,,,Aruba,4152554e-f99b-4a3b-86d0-947070693a78,B0:91:22:4B:1A:6A,0,0,1.01,Near,-65,-60,3/11/2022 11:36
,,,null,383e5cf9-6c79-4e7b-902d-f6a8743d178f,A0:E6:F8:40:28:E8,1000,1056,1.79,Near,-65,-60,3/11/2022 11:36
,,,null,a849c1ed-ad3c-4e8f-a571-089dae67cccc,A0:E6:F8:2C:1C:D6,1000,1149,0.65,Near,-54,-60,3/11/2022 11:36
,,,null,edae28d6-489b-446c-af10-6663fb553136,A0:E6:F8:40:3B:86,1000,1027,1.85,Near,-69,-60,3/11/2022 11:36
,,,Aruba,4152554e-f99b-4a3b-86d0-947070693a78,B0:91:22:4B:1A:6A,0,0,1.01,Near,-65,-60,3/11/2022 11:36
,,,null,a849c1ed-ad3c-4e8f-a571-089dae67cccc,A0:E6:F8:3F:D9:29,1000,1143,1.35,Near,-61,-60,3/11/2022 11:36
,,,null,a849c1ed-ad3c-4e8f-a571-089dae67cccc,A0:E6:F8:3F:D8:68,1000,1168,1.62,Near,-72,-60,3/11/2022 11:36
,,,Aruba,4152554e-f99b-4a3b-86d0-947070693a78,B0:91:22:4B:1A:6A,0,0,1.03,Near,-58,-60,3/11/2022 11:36
,,,null,383e5cf9-6c79-4e7b-902d-f6a8743d178f,A0:E6:F8:40:28:E8,1000,1056,1.72,Near,-62,-60,3/11/2022 11:36
,,,null,a849c1ed-ad3c-4e8f-a571-089dae67cccc,A0:E6:F8:2C:1C:D6,1000,1149,0.59,Near,-54,-60,3/11/2022 11:36
,,,null,edae28d6-489b-446c-af10-6663fb553136,A0:E6:F8:40:3B:86,1000,1027,1.91,Near,-75,-60,3/11/2022 11:36
,,,Aruba,4152554e-f99b-4a3b-86d0-947070693a78,B0:91:22:4B:1A:6A,0,0,1.03,Near,-58,-60,3/11/2022 11:36
,,,null,a849c1ed-ad3c-4e8f-a571-089dae67cccc,A0:E6:F8:3F:D9:29,1000,1143,1.31,Near,-63,-60,3/11/2022 11:36
,,,null,a849c1ed-ad3c-4e8f-a571-089dae67cccc,A0:E6:F8:3F:D8:68,1000,1168,1.64,Near,-65,-60,3/11/2022 11:36
,,,Aruba,4152554e-f99b-4a3b-86d0-947070693a78,B0:91:22:4B:1A:6A,0,0,1.02,Near,-58,-60,3/11/2022 11:36
,,,null,383e5cf9-6c79-4e7b-902d-f6a8743d178f,A0:E6:F8:40:28:E8,1000,1056,1.71,Near,-63,-60,3/11/2022 11:36
,,,null,a849c1ed-ad3c-4e8f-a571-089dae67cccc,A0:E6:F8:2C:1C:D6,1000,1149,0.65,Near,-61,-60,3/11/2022 11:36
,,,null,edae28d6-489b-446c-af10-6663fb553136,A0:E6:F8:40:3B:86,1000,1027,1.91,Near,-71,-60,3/11/2022 11:36
,,,Aruba,4152554e-f99b-4a3b-86d0-947070693a78,B0:91:22:4B:1A:6A,0,0,1.02,Near,-58,-60,3/11/2022 11:36
,,,null,a849c1ed-ad3c-4e8f-a571-089dae67cccc,A0:E6:F8:3F:D9:29,1000,1143,1.29,Near,-61,-60,3/11/2022 11:36
,,,null,a849c1ed-ad3c-4e8f-a571-089dae67cccc,A0:E6:F8:3F:D8:68,1000,1168,1.7,Near,-78,-60,3/11/2022 11:36
,,,Aruba,4152554e-f99b-4a3b-86d0-947070693a78,B0:91:22:4B:1A:6A,0,0,1.02,Near,-62,-60,3/11/2022 11:36
,,,null,383e5cf9-6c79-4e7b-902d-f6a8743d178f,A0:E6:F8:40:28:E8,1000,1056,1.73,Near,-64,-60,3/11/2022 11:36
,,,null,a849c1ed-ad3c-4e8f-a571-089dae67cccc,A0:E6:F8:2C:1C:D6,1000,1149,0.64,Near,-54,-60,3/11/2022 11:36
,,,null,edae28d6-489b-446c-af10-6663fb553136,A0:E6:F8:40:3B:86,1000,1027,1.93,Near,-76,-60,3/11/2022 11:36
,,,Aruba,4152554e-f99b-4a3b-86d0-947070693a78,B0:91:22:4B:1A:6A,0,0,1.02,Near,-62,-60,3/11/2022 11:36
,,,null,a849c1ed-ad3c-4e8f-a571-089dae67cccc,A0:E6:F8:3F:D9:29,1000,1143,1.26,Near,-62,-60,3/11/2022 11:36
,,,null,a849c1ed-ad3c-4e8f-a571-089dae67cccc,A0:E6:F8:3F:D8:68,1000,1168,1.72,Near,-66,-60,3/11/2022 11:36
,,,Aruba,4152554e-f99b-4a3b-86d0-947070693a78,B0:91:22:4B:1A:6A,0,0,1.03,Near,-58,-60,3/11/2022 11:36
,,,null,383e5cf9-6c79-4e7b-902d-f6a8743d178f,A0:E6:F8:40:28:E8,1000,1056,1.6,Near,-61,-60,3/11/2022 11:36
,,,null,a849c1ed-ad3c-4e8f-a571-089dae67cccc,A0:E6:F8:2C:1C:D6,1000,1149,0.68,Near,-62,-60,3/11/2022 11:36
,,,null,edae28d6-489b-446c-af10-6663fb553136,A0:E6:F8:40:3B:86,1000,1027,1.88,Near,-71,-60,3/11/2022 11:36
,,,Aruba,4152554e-f99b-4a3b-86d0-947070693a78,B0:91:22:4B:1A:6A,0,0,1.03,Near,-58,-60,3/11/2022 11:36
,,,null,a849c1ed-ad3c-4e8f-a571-089dae67cccc,A0:E6:F8:3F:D9:29,1000,1143,1.21,Near,-61,-60,3/11/2022 11:36
,,,null,a849c1ed-ad3c-4e8f-a571-089dae67cccc,A0:E6:F8:3F:D8:68,1000,1168,1.82,Near,-90,-60,3/11/2022 11:36
,,,Aruba,4152554e-f99b-4a3b-86d0-947070693a78,B0:91:22:4B:1A:6A,0,0,1.02,Near,-66,-60,3/11/2022 11:36
,,,null,383e5cf9-6c79-4e7b-902d-f6a8743d178f,A0:E6:F8:40:28:E8,1000,1056,1.61,Near,-82,-60,3/11/2022 11:36
,,,null,a849c1ed-ad3c-4e8f-a571-089dae67cccc,A0:E6:F8:2C:1C:D6,1000,1149,0.66,Near,-54,-60,3/11/2022 11:36
,,,null,edae28d6-489b-446c-af10-6663fb553136,A0:E6:F8:40:3B:86,1000,1027,1.89,Near,-68,-60,3/11/2022 11:36
,,,Aruba,4152554e-f99b-4a3b-86d0-947070693a78,B0:91:22:4B:1A:6A,0,0,1.02,Near,-66,-60,3/11/2022 11:36
,,,null,a849c1ed-ad3c-4e8f-a571-089dae67cccc,A0:E6:F8:3F:D9:29,1000,1143,1.16,Near,-63,-60,3/11/2022 11:36
,,,null,a849c1ed-ad3c-4e8f-a571-089dae67cccc,A0:E6:F8:3F:D8:68,1000,1168,1.83,Near,-74,-60,3/11/2022 11:36
,,,Aruba,4152554e-f99b-4a3b-86d0-947070693a78,B0:91:22:4B:1A:6A,0,0,1.06,Near,-66,-60,3/11/2022 11:36
,,,null,383e5cf9-6c79-4e7b-902d-f6a8743d178f,A0:E6:F8:40:28:E8,1000,1056,1.58,Near,-63,-60,3/11/2022 11:36
,,,null,a849c1ed-ad3c-4e8f-a571-089dae67cccc,A0:E6:F8:2C:1C:D6,1000,1149,0.63,Near,-55,-60,3/11/2022 11:36
,,,null,edae28d6-489b-446c-af10-6663fb553136,A0:E6:F8:40:3B:86,1000,1027,1.86,Near,-74,-60,3/11/2022 11:36
,,,Aruba,4152554e-f99b-4a3b-86d0-947070693a78,B0:91:22:4B:1A:6A,0,0,1.06,Near,-66,-60,3/11/2022 11:36
,,,null,a849c1ed-ad3c-4e8f-a571-089dae67cccc,A0:E6:F8:3F:D9:29,1000,1143,1.16,Near,-63,-60,3/11/2022 11:36
,,,null,a849c1ed-ad3c-4e8f-a571-089dae67cccc,A0:E6:F8:3F:D8:68,1000,1168,1.81,Near,-63,-60,3/11/2022 11:36
,,,Aruba,4152554e-f99b-4a3b-86d0-947070693a78,B0:91:22:4B:1A:6A,0,0,1.04,Near,-66,-60,3/11/2022 11:36
,,,null,383e5cf9-6c79-4e7b-902d-f6a8743d178f,A0:E6:F8:40:28:E8,1000,1056,1.54,Near,-63,-60,3/11/2022 11:36
,,,null,a849c1ed-ad3c-4e8f-a571-089dae67cccc,A0:E6:F8:2C:1C:D6,1000,1149,0.66,Near,-63,-60,3/11/2022 11:36
,,,null,edae28d6-489b-446c-af10-6663fb553136,A0:E6:F8:40:3B:86,1000,1027,1.88,Near,-66,-60,3/11/2022 11:36
,,,Aruba,4152554e-f99b-4a3b-86d0-947070693a78,B0:91:22:4B:1A:6A,0,0,1.04,Near,-66,-60,3/11/2022 11:36
,,,null,a849c1ed-ad3c-4e8f-a571-089dae67cccc,A0:E6:F8:3F:D9:29,1000,1143,1.14,Near,-63,-60,3/11/2022 11:36
,,,null,a849c1ed-ad3c-4e8f-a571-089dae67cccc,A0:E6:F8:3F:D8:68,1000,1168,1.79,Near,-72,-60,3/11/2022 11:36
,,,Aruba,4152554e-f99b-4a3b-86d0-947070693a78,B0:91:22:4B:1A:6A,0,0,1.04,Near,-65,-60,3/11/2022 11:36
,,,null,383e5cf9-6c79-4e7b-902d-f6a8743d178f,A0:E6:F8:40:28:E8,1000,1056,1.6,Near,-77,-60,3/11/2022 11:36
,,,null,a849c1ed-ad3c-4e8f-a571-089dae67cccc,A0:E6:F8:2C:1C:D6,1000,1149,0.63,Near,-54,-60,3/11/2022 11:36
,,,null,edae28d6-489b-446c-af10-6663fb553136,A0:E6:F8:40:3B:86,1000,1027,1.88,Near,-73,-60,3/11/2022 11:36
,,,Aruba,4152554e-f99b-4a3b-86d0-947070693a78,B0:91:22:4B:1A:6A,0,0,1.04,Near,-65,-60,3/11/2022 11:36
,,,null,a849c1ed-ad3c-4e8f-a571-089dae67cccc,A0:E6:F8:3F:D9:29,1000,1143,1.14,Near,-64,-60,3/11/2022 11:36
,,,null,a849c1ed-ad3c-4e8f-a571-089dae67cccc,A0:E6:F8:3F:D8:68,1000,1168,1.77,Near,-62,-60,3/11/2022 11:36
,,,Aruba,4152554e-f99b-4a3b-86d0-947070693a78,B0:91:22:4B:1A:6A,0,0,1.07,Near,-63,-60,3/11/2022 11:36
,,,null,383e5cf9-6c79-4e7b-902d-f6a8743d178f,A0:E6:F8:40:28:E8,1000,1056,1.55,Near,-62,-60,3/11/2022 11:36
,,,null,a849c1ed-ad3c-4e8f-a571-089dae67cccc,A0:E6:F8:2C:1C:D6,1000,1149,0.59,Near,-54,-60,3/11/2022 11:36
,,,null,edae28d6-489b-446c-af10-6663fb553136,A0:E6:F8:40:3B:86,1000,1027,1.89,Near,-72,-60,3/11/2022 11:36
,,,Aruba,4152554e-f99b-4a3b-86d0-947070693a78,B0:91:22:4B:1A:6A,0,0,1.07,Near,-63,-60,3/11/2022 11:36
,,,null,a849c1ed-ad3c-4e8f-a571-089dae67cccc,A0:E6:F8:3F:D9:29,1000,1143,1.15,Near,-62,-60,3/11/2022 11:36
,,,null,a849c1ed-ad3c-4e8f-a571-089dae67cccc,A0:E6:F8:3F:D8:68,1000,1168,1.74,Near,-65,-60,3/11/2022 11:36
,,,Aruba,4152554e-f99b-4a3b-86d0-947070693a78,B0:91:22:4B:1A:6A,0,0,1.04,Near,-58,-60,3/11/2022 11:36
,,,null,383e5cf9-6c79-4e7b-902d-f6a8743d178f,A0:E6:F8:40:28:E8,1000,1056,1.57,Near,-79,-60,3/11/2022 11:36
,,,null,a849c1ed-ad3c-4e8f-a571-089dae67cccc,A0:E6:F8:2C:1C:D6,1000,1149,0.59,Near,-54,-60,3/11/2022 11:36
,,,null,edae28d6-489b-446c-af10-6663fb553136,A0:E6:F8:40:3B:86,1000,1027,1.87,Near,-71,-60,3/11/2022 11:36
,,,Aruba,4152554e-f99b-4a3b-86d0-947070693a78,B0:91:22:4B:1A:6A,0,0,1.04,Near,-58,-60,3/11/2022 11:36
,,,null,a849c1ed-ad3c-4e8f-a571-089dae67cccc,A0:E6:F8:3F:D9:29,1000,1143,1.14,Near,-64,-60,3/11/2022 11:36
,,,null,a849c1ed-ad3c-4e8f-a571-089dae67cccc,A0:E6:F8:3F:D8:68,1000,1168,1.83,Near,-73,-60,3/11/2022 11:36
,,,Aruba,4152554e-f99b-4a3b-86d0-947070693a78,B0:91:22:4B:1A:6A,0,0,1.05,Near,-66,-60,3/11/2022 11:36
,,,null,383e5cf9-6c79-4e7b-902d-f6a8743d178f,A0:E6:F8:40:28:E8,1000,1056,1.55,Near,-65,-60,3/11/2022 11:36
,,,null,a849c1ed-ad3c-4e8f-a571-089dae67cccc,A0:E6:F8:2C:1C:D6,1000,1149,0.57,Near,-54,-60,3/11/2022 11:36
,,,null,edae28d6-489b-446c-af10-6663fb553136,A0:E6:F8:40:3B:86,1000,1027,1.84,Near,-71,-60,3/11/2022 11:36
,,,Aruba,4152554e-f99b-4a3b-86d0-947070693a78,B0:91:22:4B:1A:6A,0,0,1.05,Near,-66,-60,3/11/2022 11:36
,,,null,a849c1ed-ad3c-4e8f-a571-089dae67cccc,A0:E6:F8:3F:D9:29,1000,1143,1.15,Near,-64,-60,3/11/2022 11:36
,,,null,a849c1ed-ad3c-4e8f-a571-089dae67cccc,A0:E6:F8:3F:D8:68,1000,1168,1.81,Near,-63,-60,3/11/2022 11:36
,,,Aruba,4152554e-f99b-4a3b-86d0-947070693a78,B0:91:22:4B:1A:6A,0,0,1.07,Near,-57,-60,3/11/2022 11:36
,,,null,383e5cf9-6c79-4e7b-902d-f6a8743d178f,A0:E6:F8:40:28:E8,1000,1056,1.52,Near,-63,-60,3/11/2022 11:36
,,,null,a849c1ed-ad3c-4e8f-a571-089dae67cccc,A0:E6:F8:2C:1C:D6,1000,1149,0.54,Near,-62,-60,3/11/2022 11:36
,,,null,edae28d6-489b-446c-af10-6663fb553136,A0:E6:F8:40:3B:86,1000,1027,1.87,Near,-70,-60,3/11/2022 11:36
,,,Aruba,4152554e-f99b-4a3b-86d0-947070693a78,B0:91:22:4B:1A:6A,0,0,1.07,Near,-57,-60,3/11/2022 11:36
,,,null,a849c1ed-ad3c-4e8f-a571-089dae67cccc,A0:E6:F8:3F:D9:29,1000,1143,1.14,Near,-62,-60,3/11/2022 11:36
,,,null,a849c1ed-ad3c-4e8f-a571-089dae67cccc,A0:E6:F8:3F:D8:68,1000,1168,1.83,Near,-87,-60,3/11/2022 11:36
,,,Aruba,4152554e-f99b-4a3b-86d0-947070693a78,B0:91:22:4B:1A:6A,0,0,1.06,Near,-65,-60,3/11/2022 11:36
,,,null,383e5cf9-6c79-4e7b-902d-f6a8743d178f,A0:E6:F8:40:28:E8,1000,1056,1.46,Near,-78,-60,3/11/2022 11:36
,,,null,a849c1ed-ad3c-4e8f-a571-089dae67cccc,A0:E6:F8:2C:1C:D6,1000,1149,0.54,Near,-54,-60,3/11/2022 11:36
,,,null,edae28d6-489b-446c-af10-6663fb553136,A0:E6:F8:40:3B:86,1000,1027,1.85,Near,-68,-60,3/11/2022 11:36
,,,Aruba,4152554e-f99b-4a3b-86d0-947070693a78,B0:91:22:4B:1A:6A,0,0,1.06,Near,-65,-60,3/11/2022 11:36
,,,null,a849c1ed-ad3c-4e8f-a571-089dae67cccc,A0:E6:F8:3F:D9:29,1000,1143,1.13,Near,-64,-60,3/11/2022 11:36
,,,null,a849c1ed-ad3c-4e8f-a571-089dae67cccc,A0:E6:F8:3F:D8:68,1000,1168,1.92,Near,-74,-60,3/11/2022 11:36
,,,Aruba,4152554e-f99b-4a3b-86d0-947070693a78,B0:91:22:4B:1A:6A,0,0,1.07,Near,-58,-60,3/11/2022 11:36
,,,null,383e5cf9-6c79-4e7b-902d-f6a8743d178f,A0:E6:F8:40:28:E8,1000,1056,1.47,Near,-62,-60,3/11/2022 11:36
,,,null,a849c1ed-ad3c-4e8f-a571-089dae67cccc,A0:E6:F8:2C:1C:D6,1000,1149,0.51,Near,-61,-60,3/11/2022 11:36
,,,null,edae28d6-489b-446c-af10-6663fb553136,A0:E6:F8:40:3B:86,1000,1027,1.84,Near,-69,-60,3/11/2022 11:36
,,,Aruba,4152554e-f99b-4a3b-86d0-947070693a78,B0:91:22:4B:1A:6A,0,0,1.07,Near,-58,-60,3/11/2022 11:36
,,,null,a849c1ed-ad3c-4e8f-a571-089dae67cccc,A0:E6:F8:3F:D9:29,1000,1143,1.14,Near,-65,-60,3/11/2022 11:36
,,,null,a849c1ed-ad3c-4e8f-a571-089dae67cccc,A0:E6:F8:3F:D8:68,1000,1168,1.97,Near,-72,-60,3/11/2022 11:36
,,,Aruba,4152554e-f99b-4a3b-86d0-947070693a78,B0:91:22:4B:1A:6A,0,0,1.06,Near,-59,-60,3/11/2022 11:36
,,,null,383e5cf9-6c79-4e7b-902d-f6a8743d178f,A0:E6:F8:40:28:E8,1000,1056,1.48,Near,-74,-60,3/11/2022 11:36
,,,null,a849c1ed-ad3c-4e8f-a571-089dae67cccc,A0:E6:F8:2C:1C:D6,1000,1149,0.5,Near,-55,-60,3/11/2022 11:36
,,,null,edae28d6-489b-446c-af10-6663fb553136,A0:E6:F8:40:3B:86,1000,1027,1.83,Near,-70,-60,3/11/2022 11:36
,,,Aruba,4152554e-f99b-4a3b-86d0-947070693a78,B0:91:22:4B:1A:6A,0,0,1.06,Near,-59,-60,3/11/2022 11:36
,,,null,a849c1ed-ad3c-4e8f-a571-089dae67cccc,A0:E6:F8:3F:D9:29,1000,1143,1.13,Near,-64,-60,3/11/2022 11:36
,,,null,a849c1ed-ad3c-4e8f-a571-089dae67cccc,A0:E6:F8:3F:D8:68,1000,1168,1.99,Near,-72,-60,3/11/2022 11:36
,,,Aruba,4152554e-f99b-4a3b-86d0-947070693a78,B0:91:22:4B:1A:6A,0,0,1.07,Near,-66,-60,3/11/2022 11:36
,,,null,383e5cf9-6c79-4e7b-902d-f6a8743d178f,A0:E6:F8:40:28:E8,1000,1056,1.55,Near,-79,-60,3/11/2022 11:36
,,,null,a849c1ed-ad3c-4e8f-a571-089dae67cccc,A0:E6:F8:2C:1C:D6,1000,1149,0.52,Near,-55,-60,3/11/2022 11:36
,,,null,edae28d6-489b-446c-af10-6663fb553136,A0:E6:F8:40:3B:86,1000,1027,1.81,Near,-68,-60,3/11/2022 11:36
,,,Aruba,4152554e-f99b-4a3b-86d0-947070693a78,B0:91:22:4B:1A:6A,0,0,1.07,Near,-66,-60,3/11/2022 11:36
,,,null,a849c1ed-ad3c-4e8f-a571-089dae67cccc,A0:E6:F8:3F:D9:29,1000,1143,1.12,Near,-61,-60,3/11/2022 11:36
,,,null,a849c1ed-ad3c-4e8f-a571-089dae67cccc,A0:E6:F8:3F:D8:68,1000,1168,2.05,Near,-75,-60,3/11/2022 11:36
,,,Aruba,4152554e-f99b-4a3b-86d0-947070693a78,B0:91:22:4B:1A:6A,0,0,1.09,Near,-66,-60,3/11/2022 11:36
,,,null,383e5cf9-6c79-4e7b-902d-f6a8743d178f,A0:E6:F8:40:28:E8,1000,1056,1.53,Near,-62,-60,3/11/2022 11:36
,,,null,a849c1ed-ad3c-4e8f-a571-089dae67cccc,A0:E6:F8:2C:1C:D6,1000,1149,0.51,Near,-54,-60,3/11/2022 11:36
,,,null,edae28d6-489b-446c-af10-6663fb553136,A0:E6:F8:40:3B:86,1000,1027,1.83,Near,-71,-60,3/11/2022 11:36
,,,Aruba,4152554e-f99b-4a3b-86d0-947070693a78,B0:91:22:4B:1A:6A,0,0,1.09,Near,-66,-60,3/11/2022 11:36
,,,null,a849c1ed-ad3c-4e8f-a571-089dae67cccc,A0:E6:F8:3F:D9:29,1000,1143,1.12,Near,-62,-60,3/11/2022 11:36
,,,null,a849c1ed-ad3c-4e8f-a571-089dae67cccc,A0:E6:F8:3F:D8:68,1000,1168,2,Near,-65,-60,3/11/2022 11:36
,,,Aruba,4152554e-f99b-4a3b-86d0-947070693a78,B0:91:22:4B:1A:6A,0,0,1.09,Near,-66,-60,3/11/2022 11:36
,,,null,383e5cf9-6c79-4e7b-902d-f6a8743d178f,A0:E6:F8:40:28:E8,1000,1056,1.56,Near,-80,-60,3/11/2022 11:36
,,,null,a849c1ed-ad3c-4e8f-a571-089dae67cccc,A0:E6:F8:2C:1C:D6,1000,1149,0.54,Near,-55,-60,3/11/2022 11:36
,,,null,edae28d6-489b-446c-af10-6663fb553136,A0:E6:F8:40:3B:86,1000,1027,1.82,Near,-66,-60,3/11/2022 11:36
,,,Aruba,4152554e-f99b-4a3b-86d0-947070693a78,B0:91:22:4B:1A:6A,0,0,1.09,Near,-66,-60,3/11/2022 11:36
,,,null,a849c1ed-ad3c-4e8f-a571-089dae67cccc,A0:E6:F8:3F:D9:29,1000,1143,1.12,Near,-64,-60,3/11/2022 11:36
,,,null,a849c1ed-ad3c-4e8f-a571-089dae67cccc,A0:E6:F8:3F:D8:68,1000,1168,2.04,Near,-76,-60,3/11/2022 11:36
,,,Aruba,4152554e-f99b-4a3b-86d0-947070693a78,B0:91:22:4B:1A:6A,0,0,1.09,Near,-67,-60,3/11/2022 11:36
,,,null,383e5cf9-6c79-4e7b-902d-f6a8743d178f,A0:E6:F8:40:28:E8,1000,1056,1.6,Near,-64,-60,3/11/2022 11:36
,,,null,a849c1ed-ad3c-4e8f-a571-089dae67cccc,A0:E6:F8:2C:1C:D6,1000,1149,0.53,Near,-54,-60,3/11/2022 11:36
,,,null,edae28d6-489b-446c-af10-6663fb553136,A0:E6:F8:40:3B:86,1000,1027,1.81,Near,-71,-60,3/11/2022 11:36
,,,Aruba,4152554e-f99b-4a3b-86d0-947070693a78,B0:91:22:4B:1A:6A,0,0,1.09,Near,-67,-60,3/11/2022 11:36
,,,null,a849c1ed-ad3c-4e8f-a571-089dae67cccc,A0:E6:F8:3F:D9:29,1000,1143,1.13,Near,-63,-60,3/11/2022 11:36
,,,null,a849c1ed-ad3c-4e8f-a571-089dae67cccc,A0:E6:F8:3F:D8:68,1000,1168,2.07,Near,-63,-60,3/11/2022 11:36
,,,Aruba,4152554e-f99b-4a3b-86d0-947070693a78,B0:91:22:4B:1A:6A,0,0,1.12,Near,-58,-60,3/11/2022 11:36
,,,null,383e5cf9-6c79-4e7b-902d-f6a8743d178f,A0:E6:F8:40:28:E8,1000,1056,1.6,Near,-63,-60,3/11/2022 11:36
,,,null,a849c1ed-ad3c-4e8f-a571-089dae67cccc,A0:E6:F8:2C:1C:D6,1000,1149,0.53,Near,-62,-60,3/11/2022 11:36
,,,null,edae28d6-489b-446c-af10-6663fb553136,A0:E6:F8:40:3B:86,1000,1027,1.8,Near,-69,-60,3/11/2022 11:36
,,,Aruba,4152554e-f99b-4a3b-86d0-947070693a78,B0:91:22:4B:1A:6A,0,0,1.12,Near,-58,-60,3/11/2022 11:36
,,,null,a849c1ed-ad3c-4e8f-a571-089dae67cccc,A0:E6:F8:3F:D9:29,1000,1143,1.13,Near,-61,-60,3/11/2022 11:36
,,,null,a849c1ed-ad3c-4e8f-a571-089dae67cccc,A0:E6:F8:3F:D8:68,1000,1168,2.09,Near,-77,-60,3/11/2022 11:36
,,,Aruba,4152554e-f99b-4a3b-86d0-947070693a78,B0:91:22:4B:1A:6A,0,0,1.12,Near,-64,-60,3/11/2022 11:36
,,,null,383e5cf9-6c79-4e7b-902d-f6a8743d178f,A0:E6:F8:40:28:E8,1000,1056,1.61,Near,-81,-60,3/11/2022 11:36
,,,null,a849c1ed-ad3c-4e8f-a571-089dae67cccc,A0:E6:F8:2C:1C:D6,1000,1149,0.53,Near,-54,-60,3/11/2022 11:36
,,,null,edae28d6-489b-446c-af10-6663fb553136,A0:E6:F8:40:3B:86,1000,1027,1.77,Near,-68,-60,3/11/2022 11:36
,,,Aruba,4152554e-f99b-4a3b-86d0-947070693a78,B0:91:22:4B:1A:6A,0,0,1.12,Near,-64,-60,3/11/2022 11:36
,,,null,a849c1ed-ad3c-4e8f-a571-089dae67cccc,A0:E6:F8:3F:D9:29,1000,1143,1.13,Near,-68,-60,3/11/2022 11:36
,,,null,a849c1ed-ad3c-4e8f-a571-089dae67cccc,A0:E6:F8:3F:D8:68,1000,1168,2.08,Near,-70,-60,3/11/2022 11:36
